name,round1,round2,round3,round4,round5,round6
Gonzaga,0.988339637,0.892897868,0.770568967,0.618578673,0.417466355,0.271870827
Kansas,0.972712074,0.787839351,0.510252343,0.332434485,0.18622712,0.089924229
Kentucky,0.95486797,0.812271396,0.498653006,0.333579673,0.152570733,0.085234949
Arizona,0.965720048,0.807825203,0.480448831,0.287843531,0.152316312,0.068498298
Auburn,0.945098252,0.758446148,0.485510202,0.229015665,0.12285945,0.056737433
Villanova,0.948320572,0.677927051,0.395635956,0.194291084,0.103495113,0.046868285
Iowa,0.816344259,0.613861534,0.313879849,0.194103501,0.095398612,0.040317877
Houston,0.768048297,0.454564518,0.250095002,0.151741948,0.082665864,0.038333925
Purdue,0.939351259,0.620506332,0.300734729,0.183006779,0.073566027,0.037239338
Tennessee,0.941402379,0.641797739,0.337682081,0.158070492,0.082204249,0.036300692
UCLA,0.925615737,0.656784861,0.380335874,0.165248182,0.065093914,0.03243883
Duke,0.970644764,0.708911488,0.375004459,0.108718808,0.057546005,0.029763853
Texas Tech,0.926978076,0.638795968,0.370020914,0.113662648,0.057784996,0.028795805
Baylor,0.96301402,0.697912844,0.344720808,0.132164612,0.050059054,0.02419883
Illinois,0.806639407,0.412025852,0.169487888,0.081161893,0.037346943,0.014534647
Louisiana State,0.671008514,0.352628479,0.157598434,0.059717118,0.028960028,0.012076593
Arkansas,0.717856125,0.382436143,0.079885566,0.041783142,0.02074289,0.010113247
Wisconsin,0.84888905,0.481604478,0.21615717,0.082263159,0.028865189,0.008780842
Texas,0.5419295,0.207838461,0.082545628,0.043252175,0.016887089,0.008357859
Connecticut,0.862753432,0.485379027,0.082074256,0.037536078,0.015959311,0.006755794
Alabama,0.62151555,0.234399953,0.107589339,0.024610997,0.011732601,0.005511801
Michigan,0.689911398,0.26802263,0.105688371,0.037225109,0.014926328,0.005054703
Virginia Tech,0.4580705,0.162353061,0.065764671,0.034986295,0.011104506,0.004669686
North Carolina,0.579302447,0.184244138,0.088440684,0.032865031,0.009577955,0.003760574
Ohio State,0.551158109,0.18084036,0.076045406,0.026476926,0.010608884,0.003590021
Memphis,0.517236392,0.055737086,0.029833987,0.013693274,0.006224185,0.002799671
Saint Mary's (CA),0.623514967,0.221724133,0.090122717,0.026457458,0.007115866,0.002617132
Loyola (IL),0.448841891,0.132664708,0.055630248,0.019313764,0.007603145,0.002527783
Providence,0.665544234,0.222246343,0.06110705,0.023373872,0.00728045,0.00197643
Indiana,0.300935656,0.087730818,0.042307065,0.014923619,0.004484281,0.001804673
San Diego State,0.55441182,0.121793887,0.045345611,0.017561279,0.005998869,0.001778556
Michigan State,0.514157621,0.150212841,0.058051047,0.01168874,0.004527887,0.001761725
Texas Christian,0.517476996,0.097580061,0.036748579,0.014520519,0.005090246,0.001507955
Southern California,0.517958566,0.120156696,0.049792744,0.014206593,0.00466994,0.001334602
Marquette,0.420697553,0.113026146,0.043594176,0.0128383,0.003157111,0.001078505
Seton Hall,0.482523004,0.087303083,0.028848617,0.010117174,0.003544492,0.001049408
Boise State,0.482763608,0.049709728,0.025169859,0.010901021,0.003320252,0.001039397
Creighton,0.44558818,0.086118711,0.031879196,0.012279326,0.003796425,0.001023347
Murray State,0.580126824,0.109517412,0.031927608,0.011926138,0.002933269,0.001002171
Davidson,0.485842379,0.137707774,0.043739831,0.007134307,0.002494711,0.000884857
Alabama-Birmingham,0.231951703,0.084512018,0.023338297,0.007985526,0.002868662,0.000870667
Miami (FL),0.482041434,0.107425722,0.039004841,0.009680204,0.00302643,0.000824511
Iowa State,0.328991486,0.129201837,0.042328605,0.011730887,0.003301768,0.000813933
Colorado State,0.310088602,0.080358054,0.027073333,0.008193766,0.002683826,0.000743485
Notre Dame,0.218509142,0.066482038,0.02578123,0.004855185,0.001793112,0.000668207
San Francisco,0.419873176,0.065411014,0.017317999,0.005980356,0.001345412,0.000426696
Richmond,0.183655741,0.087109056,0.019506378,0.006288213,0.001680489,0.000394359
Rutgers,0.159975308,0.045565255,0.016714522,0.002958792,0.001048199,0.000376195
South Dakota State,0.334455766,0.076783068,0.017628134,0.00580376,0.001499966,0.000340983
Vermont,0.282143875,0.101500728,0.009551558,0.002848679,0.000797393,0.00023122
Chattanooga,0.193360593,0.048897612,0.010102535,0.00267918,0.000755639,0.00018071
Wyoming,0.075549377,0.017249349,0.005428561,0.001224421,0.000256842,7.68E-05
New Mexico State,0.137246568,0.030684102,0.002649305,0.000737721,0.000169963,4.13E-05
Colgate,0.15111095,0.036565206,0.007309573,0.001242205,0.000226398,3.69E-05
Akron,0.074384263,0.016510839,0.004410722,0.000843687,0.000124208,2.73E-05
Yale,0.060648741,0.009302146,0.001492088,0.000360805,3.94E-05,6.62E-06
Saint Peter's,0.04513203,0.012800177,0.001564271,0.000277858,3.14E-05,5.45E-06
Jacksonville State,0.054901748,0.013971434,0.002298432,0.000257171,3.74E-05,4.91E-06
Montana State,0.073021924,0.014756785,0.002667486,0.000224952,3.14E-05,4.80E-06
Wright State,0.025380347,0.00568393,0.000760738,0.000114647,1.87E-05,2.62E-06
Longwood,0.058597621,0.009821577,0.001144481,0.000124882,1.84E-05,2.32E-06
Delaware,0.051679428,0.008567882,0.001100123,0.00011923,1.72E-05,2.14E-06
Georgia State,0.011660363,0.001655318,0.000266501,3.73E-05,5.91E-06,1.02E-06
Norfolk State,0.03698598,0.004816873,0.000639392,6.46E-05,4.79E-06,5.63E-07
Texas Southern,0.020158714,0.003436383,0.000345767,3.83E-05,4.50E-06,4.82E-07
Cal State Fullerton,0.029355236,0.003167898,0.000431172,2.97E-05,3.00E-06,3.37E-07
Bryant,0.008899605,0.001607723,0.000169514,2.03E-05,2.67E-06,3.02E-07
Texas A&M-Corpus Christi,0.007129212,0.000811668,5.57E-05,4.25E-06,3.41E-07,2.52E-08
South Carolina,0.999623564,0.982862156,0.924467457,0.838888612,0.669442823,0.464966077
Stanford,0.997552306,0.969823674,0.838838365,0.674280089,0.36042231,0.155184926
North Carolina State,0.996761777,0.97081546,0.889462972,0.556565131,0.336146944,0.153720573
Connecticut,0.990159521,0.916214661,0.747436684,0.367935889,0.180478505,0.06464577
Louisville,0.996113146,0.905858644,0.7137729,0.416438193,0.126849309,0.057212282
Baylor,0.995875918,0.890724392,0.670076748,0.381607071,0.102637518,0.041758686
Texas,0.987732083,0.900119532,0.682160928,0.207502732,0.073671483,0.020848806
Iowa,0.96990792,0.852157329,0.508480773,0.072473758,0.036112826,0.013645067
Iowa State,0.971192297,0.819205338,0.39342871,0.046270309,0.021015077,0.007140135
Michigan,0.97801936,0.741704623,0.214554929,0.07467358,0.012466665,0.003389734
Indiana,0.944520801,0.676499517,0.158995363,0.037756561,0.012479583,0.002911844
Maryland,0.930429884,0.643882414,0.102676943,0.047643505,0.013121085,0.002901531
North Carolina,0.769092676,0.36300028,0.043780715,0.026221832,0.009960125,0.00277875
Tennessee,0.870125261,0.642623203,0.164152902,0.054077243,0.007695277,0.001820573
Virginia Tech,0.780911559,0.302319886,0.044757747,0.019906656,0.005228117,0.001108552
Brigham Young,0.779697935,0.228339356,0.064078419,0.021834004,0.003222865,0.000791369
Louisiana State,0.867103392,0.489402512,0.146493303,0.0235787,0.004744877,0.000774536
Oregon,0.697974192,0.246838106,0.063159804,0.020922115,0.003017656,0.000726265
Ohio State,0.684402781,0.36512796,0.103375561,0.015674094,0.003238584,0.00054375
Notre Dame,0.784790499,0.346496532,0.043529132,0.009770219,0.002521645,0.00045618
Kentucky,0.652414251,0.228890239,0.043993077,0.008760525,0.002364998,0.000448963
Arizona,0.888451507,0.554914738,0.022612846,0.007326262,0.001899495,0.000351682
Mississippi,0.590030494,0.071649287,0.032949164,0.009900006,0.001216935,0.000255016
Oklahoma,0.839544643,0.556082127,0.050077762,0.008435199,0.001746773,0.000251508
Gonzaga,0.516744585,0.049737772,0.024682005,0.007288063,0.000939533,0.000205598
Central Florida,0.711547377,0.068595717,0.029048422,0.00509232,0.0011625,0.000185762
Nebraska,0.483255415,0.044096098,0.022205125,0.006682038,0.000825571,0.000174028
Georgia,0.623533815,0.122356472,0.044699297,0.003581691,0.000902699,0.000163001
South Dakota,0.409969506,0.037330285,0.015821098,0.00434132,0.000544362,0.000116493
Princeton,0.347585749,0.085107339,0.01641371,0.003290381,0.000683048,9.93E-05
Georgia Tech,0.596044067,0.020182921,0.007609487,0.002452189,0.000429097,6.18E-05
Colorado,0.525469095,0.076228543,0.022644682,0.00119278,0.000289855,5.06E-05
Arkansas,0.556312508,0.058451899,0.024951141,0.002750841,0.000405085,4.94E-05
South Florida,0.5389475,0.009867822,0.00430383,0.001361644,0.000282632,4.19E-05
Utah,0.443687492,0.039207339,0.01877134,0.002451293,0.000324781,3.58E-05
Creighton,0.474530905,0.064150384,0.016709123,0.000749298,0.000167944,2.70E-05
Miami (FL),0.4610525,0.007239647,0.00297007,0.000874006,0.000168755,2.32E-05
Missouri State,0.170498091,0.065713754,0.012669776,0.001283693,0.000179442,2.10E-05
Kansas State,0.605084625,0.019729642,0.007952978,0.000985591,0.000164129,1.91E-05
Kansas,0.403955933,0.009583501,0.002955751,0.000783259,0.000112218,1.34E-05
Florida Gulf Coast,0.219088441,0.040148346,0.002741426,0.000732497,9.92E-05,1.12E-05
Stephen F. Austin,0.230907324,0.057738532,0.001594994,0.000400844,7.48E-05,9.96E-06
Florida State,0.145099128,0.053352465,0.009039253,0.000800521,9.49E-05,9.49E-06
Belmont,0.302025808,0.06558423,0.007311938,0.001196185,7.69E-05,9.06E-06
Dayton,0.182845454,0.025317772,0.00643643,0.000325771,6.34E-05,8.84E-06
DePaul,0.193620731,0.027462737,0.006249947,0.000276407,5.56E-05,8.04E-06
Buffalo,0.129874739,0.044954461,0.004694988,0.000726977,4.92E-05,6.09E-06
Florida,0.288452623,0.013279759,0.003394643,0.000339674,4.56E-05,4.31E-06
Massachusetts,0.215209501,0.04584014,0.003333259,0.000470561,5.25E-05,4.12E-06
Washington State,0.394915375,0.008739935,0.002886372,0.000276361,3.51E-05,3.14E-06
IUPUI,0.160455357,0.0515812,0.002668574,0.000277904,3.45E-05,3.01E-06
Villanova,0.220302065,0.027498919,0.002439856,0.000309275,1.65E-05,1.65E-06
Jackson State,0.132896608,0.026403309,0.002198911,9.41E-05,5.62E-06,2.95E-07
Nevada-Las Vegas,0.111548493,0.02434645,0.000267804,3.39E-05,3.58E-06,2.70E-07
Delaware,0.069570116,0.013649353,0.000377345,5.13E-05,3.47E-06,2.05E-07
Charlotte,0.055479199,0.009502904,0.000492317,3.06E-05,2.48E-06,1.43E-07
Illinois State,0.03009208,0.007463744,0.000848647,1.50E-05,1.38E-06,9.06E-08
Texas-Arlington,0.028807703,0.005657681,0.000502391,7.71E-06,5.99E-07,3.33E-08
Mercer,0.009840479,0.001909863,0.000225784,1.03E-05,6.61E-07,3.03E-08
Fairfield,0.012267917,0.00222123,0.000339788,1.04E-05,4.69E-07,1.90E-08
Montana State,0.002447694,0.000409905,4.29E-05,4.08E-06,1.25E-07,3.56E-09
Longwood,0.002794672,0.000656717,8.41E-05,2.67E-06,8.64E-08,2.07E-09
American,0.02198064,0.002457101,6.23E-05,2.62E-06,4.53E-08,1.63E-09
Albany (NY),0.003886854,0.000307486,2.03E-05,6.69E-07,9.45E-09,2.83E-10
Hawaii,0.004124082,0.000296035,1.75E-05,6.38E-07,8.97E-09,2.68E-10
Howard,0.000346846,2.94E-05,2.26E-06,1.09E-07,3.16E-09,6.80E-11
Mount St. Mary's,0.00044355,5.82E-05,4.89E-06,9.89E-08,1.97E-09,3.00E-11
Incarnate Word,2.96E-05,9.78E-07,2.86E-08,5.29E-10,8.00E-12,0
